It's Only the Himalayas,travel
Full Moon over Noah’s Ark: An Odyssey to Mount Ararat and Beyond,travel
See America: A Celebration of Our National Parks & Treasured Sites,travel
Vagabonding: An Uncommon Guide to the Art of Long-Term World Travel,travel
Under the Tuscan Sun,travel
A Summer In Europe,travel
The Great Railway Bazaar,travel
A Year in Provence (Provence #1),travel
The Road to Little Dribbling: Adventures of an American in Britain (Notes From a Small Island #2),travel
Neither Here nor There: Travels in Europe,travel
1,000 Places to See Before You Die,travel
Sharp Objects,mystery
In a Dark, Dark Wood,mystery
The Past Never Ends,mystery
A Murder in Time,mystery
The Murder of Roger Ackroyd (Hercule Poirot #4),mystery
The Last Mile (Amos Decker #2),mystery
That Darkness (Gardiner and Renner #1),mystery
Tastes Like Fear (DI Marnie Rome #3),mystery
A Time of Torment (Charlie Parker #14),mystery
A Study in Scarlet (Sherlock Holmes #1),mystery
Poisonous (Max Revere Novels #3),mystery
Murder at the 42nd Street Library (Raymond Ambler #1),mystery
Most Wanted,mystery
Hide Away (Eve Duncan #20),mystery
Boar Island (Anna Pigeon #19),mystery
The Widow,mystery
Playing with Fire,mystery
What Happened on Beale Street (Secrets of the South Mysteries #2),mystery
The Bachelor Girl's Guide to Murder (Herringford and Watts Mysteries #1),mystery
Delivering the Truth (Quaker Midwife Mystery #1),mystery
The Mysterious Affair at Styles (Hercule Poirot #1),mystery
In the Woods (Dublin Murder Squad #1),mystery
The Silkworm (Cormoran Strike #2),mystery
The Exiled,mystery
The Cuckoo's Calling (Cormoran Strike #1),mystery
Extreme Prey (Lucas Davenport #26),mystery
Career of Evil (Cormoran Strike #3),mystery
The No. 1 Ladies' Detective Agency (No. 1 Ladies' Detective Agency #1),mystery
The Girl You Lost,mystery
The Girl In The Ice (DCI Erika Foster #1),mystery
Tipping the Velvet,historicalfiction
Forever and Forever: The Courtship of Henry Longfellow and Fanny Appleton,historicalfiction
A Flight of Arrows (The Pathfinders #2),historicalfiction
The House by the Lake,historicalfiction
Mrs. Houdini,historicalfiction
The Marriage of Opposites,historicalfiction
Glory over Everything: Beyond The Kitchen House,historicalfiction
Love, Lies and Spies,historicalfiction
A Paris Apartment,historicalfiction
Lilac Girls,historicalfiction
The Constant Princess (The Tudor Court #1),historicalfiction
The Invention of Wings,historicalfiction
World Without End (The Pillars of the Earth #2),historicalfiction
The Passion of Dolssa,historicalfiction
Girl With a Pearl Earring,historicalfiction
Voyager (Outlander #3),historicalfiction
The Red Tent,historicalfiction
The Last Painting of Sara de Vos,historicalfiction
The Guernsey Literary and Potato Peel Pie Society,historicalfiction
Girl in the Blue Coat,historicalfiction
Between Shades of Gray,historicalfiction
While You Were Mine,historicalfiction
The Secret Healer,historicalfiction
Starlark,historicalfiction
Lost Among the Living,historicalfiction
A Spy's Devotion (The Regency Spies of London #1),historicalfiction
Catastrophic Happiness: Finding Joy in Childhood's Messy Years,parenting
The Secret Garden,classics
The Metamorphosis,classics
The Pilgrim's Progress,classics
The Hound of the Baskervilles (Sherlock Holmes #5),classics
Little Women (Little Women #1),classics
Gone with the Wind,classics
Candide,classics
Animal Farm,classics
Wuthering Heights,classics
The Picture of Dorian Gray,classics
The Complete Stories and Poems (The Works of Edgar Allan Poe [Cameo Edition]),classics
Beowulf,classics
And Then There Were None,classics
The Story of Hong Gildong,classics
The Little Prince,classics
Sense and Sensibility,classics
Of Mice and Men,classics
Emma,classics
Alice in Wonderland (Alice's Adventures in Wonderland #1),classics
The Book of Basketball: The NBA According to The Sports Guy,sports and games
Friday Night Lights: A Town, a Team, and a Dream,sports and games
Sugar Rush (Offensive Line #2),sports and games
Settling the Score (The Summer Games #1),sports and games
Icing (Aces Hockey #2),sports and games
Silence in the Dark (Logan Point #4),suspense
Soumission,fiction
Private Paris (Private #10),fiction
We Love You, Charlie Freeman,fiction
Thirst,fiction
The Murder That Never Was (Forensic Instincts #5),fiction
Tuesday Nights in 1980,fiction
The Vacationers,fiction
The Regional Office Is Under Attack!,fiction
Finders Keepers (Bill Hodges Trilogy #2),fiction
The Time Keeper,fiction
The Testament of Mary,fiction
The First Hostage (J.B. Collins #2),fiction
Take Me with You,fiction
Still Life with Bread Crumbs,fiction
Shtum,fiction
My Name Is Lucy Barton,fiction
My Mrs. Brown,fiction
Mr. Mercedes (Bill Hodges Trilogy #1),fiction
I Am Pilgrim (Pilgrim #1),fiction
Eligible (The Austen Project #4),fiction
Eight Hundred Grapes,fiction
Dear Mr. Knightley,fiction
Cometh the Hour (The Clifton Chronicles #6),fiction
Balloon Animals,fiction
A Man Called Ove,fiction
The Silent Sister (Riley MacPherson #1),fiction
The Dinner Party,fiction
The Improbability of Love,fiction
Mothering Sunday,fiction
Lies and Other Acts of Love,fiction
Rip it Up and Start Again,music
Our Band Could Be Your Life: Scenes from the American Indie Underground, 1981-1991,music
How Music Works,music
Love Is a Mix Tape (Music #1),music
Please Kill Me: The Uncensored Oral History of Punk,music
Kill 'Em and Leave: Searching for James Brown and the American Soul,music
Chronicles, Vol. 1,music
This Is Your Brain on Music: The Science of a Human Obsession,music
Orchestra of Exiles: The Story of Bronislaw Huberman, the Israel Philharmonic, and the One Thousand Jews He Saved from Nazi Horrors,music
No One Here Gets Out Alive,music
Life,music
Old Records Never Die: One Man's Quest for His Vinyl and His Past,music
Forever Rockers (The Rocker #12),music
Without Borders (Wanderlove #1),New adult
The Mistake (Off-Campus #2),New adult
The Matchmaker's Playbook (Wingmen Inc. #1),New adult
The Hook Up (Game On #1),New adult
Shameless,New adult
Off Sides (Off #1),New adult
